n_total,n_feasible,pct_feasible,sweep_time_s
6250000,3111970,49.79152,170.41031525004655
