n_total,n_feasible,pct_feasible,sweep_time_s
6250000,3109602,49.753632,830.582419182
